{"cameraMode":{"drawMode":0,"name":"Shaded","section":"Shading Mode"},"sceneLighting":true,"audioPlay":false,"sceneViewState":{"showFog":true,"showMaterialUpdate":false,"showSkybox":true,"showFlares":true,"showImageEffects":true,"showParticleSystems":true},"in2DMode":false,"pivot":{"x":12.732568740844727,"y":0.499999463558197,"z":6.631354808807373},"rotation":{"x":-0.18819208443164826,"y":0.48971492052078249,"z":-0.10915473103523255,"w":-0.8443081974983215},"size":2.3334529399871828,"orthographic":false}