{"cameraMode":{"drawMode":0,"name":"Shaded","section":"Shading Mode"},"sceneLighting":false,"audioPlay":false,"sceneViewState":{"showFog":true,"showMaterialUpdate":false,"showSkybox":false,"showFlares":true,"showImageEffects":true,"showParticleSystems":true},"in2DMode":false,"pivot":{"x":7.890498161315918,"y":0.6946375370025635,"z":2.9924471378326418},"rotation":{"x":-0.18819208443164826,"y":0.48971492052078249,"z":-0.10915473103523255,"w":-0.8443081974983215},"size":2.320829153060913,"orthographic":false}