{"cameraMode":{"drawMode":0,"name":"Shaded","section":"Shading Mode"},"sceneLighting":false,"audioPlay":false,"sceneViewState":{"showFog":true,"showMaterialUpdate":false,"showSkybox":false,"showFlares":true,"showImageEffects":true,"showParticleSystems":true},"in2DMode":false,"pivot":{"x":15.0,"y":-0.7534288167953491,"z":2.086162567138672e-7},"rotation":{"x":-0.047361090779304507,"y":0.9251794815063477,"z":-0.1231294795870781,"w":-0.35586506128311159},"size":7.468521595001221,"orthographic":false}