{"cameraMode":{"drawMode":0,"name":"Shaded","section":"Shading Mode"},"sceneLighting":false,"audioPlay":false,"sceneViewState":{"showFog":true,"showMaterialUpdate":false,"showSkybox":false,"showFlares":true,"showImageEffects":true,"showParticleSystems":true},"in2DMode":false,"pivot":{"x":-318.392822265625,"y":157.86370849609376,"z":482.17352294921877},"rotation":{"x":-0.11012031137943268,"y":0.8103991746902466,"z":-0.16158612072467805,"w":-0.5522840619087219},"size":1629.077392578125,"orthographic":false}