{"cameraMode":{"drawMode":0,"name":"Shaded","section":"Shading Mode"},"sceneLighting":true,"audioPlay":false,"sceneViewState":{"showFog":true,"showMaterialUpdate":false,"showSkybox":true,"showFlares":true,"showImageEffects":true,"showParticleSystems":true},"in2DMode":false,"pivot":{"x":7.207146644592285,"y":0.24395275115966798,"z":5.601034164428711},"rotation":{"x":-0.21193543076515199,"y":0.7581076622009277,"z":-0.2973695993423462,"w":-0.5403038859367371},"size":11.398468971252442,"orthographic":false}